<?xml version="1.0" encoding="UTF-8"?>
<project-private xmlns="http://www.netbeans.org/ns/project-private/1">
    <editor-bookmarks xmlns="http://www.netbeans.org/ns/editor-bookmarks/1"/>
    <editor-bookmarks xmlns="http://www.netbeans.org/ns/editor-bookmarks/2" lastBookmarkId="0"/>
    <open-files xmlns="http://www.netbeans.org/ns/projectui-open-files/2">
        <group>
            <file>file:/Users/TrongDuyDao/Desktop/Teaching/Fall2017/PE/PE.FA17.B5.DuyDT/PRO192_Set1/Final-Q3/Q31/Given/src/Main.java</file>
            <file>file:/Users/TrongDuyDao/Desktop/Teaching/Fall2017/PE/PE.FA17.B5.DuyDT/PRO192_Set1/Final-Q3/Q31/Given/src/ReservationCode.java</file>
        </group>
    </open-files>
</project-private>
