<?xml version="1.0" encoding="UTF-8"?>
<project-private xmlns="http://www.netbeans.org/ns/project-private/1">
    <editor-bookmarks xmlns="http://www.netbeans.org/ns/editor-bookmarks/2" lastBookmarkId="0"/>
    <open-files xmlns="http://www.netbeans.org/ns/projectui-open-files/2">
        <group>
            <file>file:/E:/FU/HoaLac/PRJ321/PE/PRJ321_SUMMER_2019/1/FinalQ1_XXX/src/java/model/Rect.java</file>
            <file>file:/E:/FU/HoaLac/PRJ321/PE/PRJ321_SUMMER_2019/1/FinalQ1_XXX/web/circle.jsp</file>
            <file>file:/E:/FU/HoaLac/PRJ321/PE/PRJ321_SUMMER_2019/1/FinalQ1_XXX/web/rect.jsp</file>
            <file>file:/E:/FU/HoaLac/PRJ321/PE/PRJ321_SUMMER_2019/1/FinalQ1_XXX/src/java/model/Circle.java</file>
        </group>
    </open-files>
</project-private>
