<?xml version="1.0" encoding="UTF-8"?>
<?xml-stylesheet type='text/xsl' href='_UpgradeReport_Files/UpgradeReport.xslt'?>
<UpgradeLog>
<Properties><Property Name="Solution" Value="AppConfigReaderApp">
</Property><Property Name="Solution File" Value="C:\Documents and Settings\atroelsen\My Documents\My Books\C# and the .NET Platform 3rd Ed\Code\Ch_11 Code\AppConfigReaderApp\AppConfigReaderApp.sln">
</Property><Property Name="User Options File" Value="C:\Documents and Settings\atroelsen\My Documents\My Books\C# and the .NET Platform 3rd Ed\Code\Ch_11 Code\AppConfigReaderApp\AppConfigReaderApp.suo">
</Property><Property Name="Date" Value="Wednesday, March 23, 2005">
</Property><Property Name="Time" Value="1:54 AM">
</Property></Properties><Event ErrorLevel="0" Project="" Source="AppConfigReaderApp.sln" Description="File successfully backed up as C:\Documents and Settings\atroelsen\My Documents\My Books\C# and the .NET Platform 3rd Ed\Code\Ch_11 Code\AppConfigReaderApp\Backup\AppConfigReaderApp.sln">
</Event><Event ErrorLevel="0" Project="" Source="AppConfigReaderApp.suo" Description="File successfully backed up as C:\Documents and Settings\atroelsen\My Documents\My Books\C# and the .NET Platform 3rd Ed\Code\Ch_11 Code\AppConfigReaderApp\Backup\AppConfigReaderApp.suo">
</Event><Event ErrorLevel="0" Project="AppConfigReaderApp" Source="AppConfigReaderApp.csproj" Description="Project file successfully backed up as C:\Documents and Settings\atroelsen\My Documents\My Books\C# and the .NET Platform 3rd Ed\Code\Ch_11 Code\AppConfigReaderApp\Backup\AppConfigReaderApp.csproj">
</Event><Event ErrorLevel="0" Project="AppConfigReaderApp" Source="AssemblyInfo.cs" Description="File successfully backed up as C:\Documents and Settings\atroelsen\My Documents\My Books\C# and the .NET Platform 3rd Ed\Code\Ch_11 Code\AppConfigReaderApp\Backup\AppConfigReaderApp.csproj">
</Event><Event ErrorLevel="0" Project="AppConfigReaderApp" Source="TheReader.cs" Description="File successfully backed up as C:\Documents and Settings\atroelsen\My Documents\My Books\C# and the .NET Platform 3rd Ed\Code\Ch_11 Code\AppConfigReaderApp\Backup\AppConfigReaderApp.csproj">
</Event><Event ErrorLevel="0" Project="AppConfigReaderApp" Source="App.config" Description="File successfully backed up as C:\Documents and Settings\atroelsen\My Documents\My Books\C# and the .NET Platform 3rd Ed\Code\Ch_11 Code\AppConfigReaderApp\Backup\AppConfigReaderApp.csproj">
</Event><Event ErrorLevel="0" Project="AppConfigReaderApp" Source="App.ico" Description="File successfully backed up as C:\Documents and Settings\atroelsen\My Documents\My Books\C# and the .NET Platform 3rd Ed\Code\Ch_11 Code\AppConfigReaderApp\Backup\AppConfigReaderApp.csproj">
</Event><Event ErrorLevel="0" Project="AppConfigReaderApp" Source="AppConfigReaderApp.csproj" Description="Project converted successfully">
</Event><Event ErrorLevel="3" Project="AppConfigReaderApp" Source="AppConfigReaderApp.csproj" Description="Converted">
</Event><Event ErrorLevel="0" Project="" Source="AppConfigReaderApp.sln" Description="Solution converted successfully">
</Event><Event ErrorLevel="3" Project="" Source="AppConfigReaderApp.sln" Description="Converted">
</Event></UpgradeLog>
