<?xml version="1.0" encoding="UTF-8"?>
<project-private xmlns="http://www.netbeans.org/ns/project-private/1">
    <editor-bookmarks xmlns="http://www.netbeans.org/ns/editor-bookmarks/2" lastBookmarkId="0"/>
    <open-files xmlns="http://www.netbeans.org/ns/projectui-open-files/2">
        <group>
            <file>file:/E:/FPT_University/Semester%203/PRJ311_Java_Swing/Pratice/Me_Dang_PE/Q1/src/main/SlideText.java</file>
            <file>file:/E:/FPT_University/Semester%203/PRJ311_Java_Swing/Pratice/Me_Dang_PE/Q1/src/main/GenerateNumber.java</file>
            <file>file:/E:/FPT_University/Semester%203/PRJ311_Java_Swing/Pratice/Me_Dang_PE/Q1/src/main/HaDemo.java</file>
        </group>
    </open-files>
</project-private>
