<?xml version="1.0" encoding="UTF-8"?>
<project-private xmlns="http://www.netbeans.org/ns/project-private/1">
    <editor-bookmarks xmlns="http://www.netbeans.org/ns/editor-bookmarks/2" lastBookmarkId="0"/>
    <open-files xmlns="http://www.netbeans.org/ns/projectui-open-files/2">
        <group>
            <file>file:/C:/Users/user/Desktop/SE05333_QuanND_CSD201_SE1210/Q2/src/BQueue.java</file>
            <file>file:/C:/Users/user/Desktop/SE05333_QuanND_CSD201_SE1210/Q2/src/Graph.java</file>
            <file>file:/C:/Users/user/Desktop/SE05333_QuanND_CSD201_SE1210/Q2/src/Node.java</file>
            <file>file:/C:/Users/user/Desktop/SE05333_QuanND_CSD201_SE1210/Q2/src/Main.java</file>
            <file>file:/C:/Users/user/Desktop/SE05333_QuanND_CSD201_SE1210/Q2/src/Lib.java</file>
            <file>file:/C:/Users/user/Desktop/SE05333_QuanND_CSD201_SE1210/Q2/src/Pencil.java</file>
            <file>file:/C:/Users/user/Desktop/SE05333_QuanND_CSD201_SE1210/Q2/src/BSTree.java</file>
        </group>
    </open-files>
</project-private>
