<?xml version="1.0" encoding="UTF-8"?>
<?xml-stylesheet type='text/xsl' href='_UpgradeReport_Files/UpgradeReport.xslt'?>
<UpgradeLog>
<Properties><Property Name="Solution" Value="LateBinding">
</Property><Property Name="Solution File" Value="C:\Documents and Settings\atroelsen\My Documents\My Books\C# and the .NET Platform 3rd Ed\Code\Ch_12 Code\LateBinding\LateBinding.sln">
</Property><Property Name="Date" Value="Saturday, April 02, 2005">
</Property><Property Name="Time" Value="20:49 PM">
</Property></Properties><Event ErrorLevel="0" Project="LateBinding" Source="LateBinding.csproj" Description="Project converted successfully">
</Event><Event ErrorLevel="3" Project="LateBinding" Source="LateBinding.csproj" Description="Converted">
</Event><Event ErrorLevel="0" Project="" Source="LateBinding.sln" Description="Solution converted successfully">
</Event><Event ErrorLevel="3" Project="" Source="LateBinding.sln" Description="Converted">
</Event></UpgradeLog>
